user_id,username,hashed_password,name,dob,email,bio,profession
1,hwiggins,fa06f5c1cf1f0d06c91714f68a6ad83cef0c2d7e5678b1b56fabc416e61d553f,Brandi White,2005-10-13,kdavis@pineda.biz,Market whether financial enter step power yet program.,UX Designer
2,lauren63,18ef8ccd02bb67cfe4362c3a51acf2b336f4ea08d333f91818dd27ace98e2c5d,Patrick Murphy,1991-09-05,hurstmichael@lewis.com,Floor blue daughter reality long mission.,Consultant
3,lisa09,6d56ee566c980473353a4d22a1eb4298559134806792ce919ea9b1c87e6c7682,Gregory Gordon,1986-12-20,chavezkimberly@yahoo.com,Fire decade even of writer option seem.,Civil Engineer
4,owilson,808126f63737caf194760c9e808fddea1a1223a4cc4d9d3ed622ed1faf355864,Carolyn Gilbert,1971-11-01,kathryn64@smith.com,As prepare girl blue science medical skin medical camera argue building.,Data Analyst
5,jacksonrobert,b692e8ab1814f0d484815bb9d516919c2c147406c1710653dc8ea7c8dd050838,Kyle Fry,1977-09-26,patrickwhitehead@hotmail.com,Teacher play marriage hit country although step enough yet lose full deal stay.,Consultant
6,cheryl54,98c3d73e3f5596fbcf3f6d152d95c7152e17e76e10bcd8c0335bf0e7ac47e476,Anne Cobb,1988-03-10,nicolejones@yahoo.com,Long suddenly box vote good person pass.,Mechanical Engineer
7,amandaboyd,f222189079167ee955ad6bc106592cfb3ca6a8b0bee0e8373bdf7522f7d5ef39,David Fleming,1977-07-28,adamwilliams@black.net,His give participant long card east blue read.,Doctor
8,xstevenson,d9b8ebb86482d01edeeb23806a4a9c46a185ae6f960d36681ea9c52b4ea931ef,Anita Lee,1989-01-12,mooresophia@yahoo.com,Big guess challenge throughout attention medical minute.,Marketing Specialist
9,destinysantana,d2258a34182cb677ea996354a7fa2f1fa4b19c7ead4240d9b50a7db7715c3d9c,Charles Jackson,2006-03-03,ogrimes@davis-day.biz,Outside machine nor citizen knowledge ever yard each popular heart side phone.,Lawyer
10,wflynn,f1c9481348f92e1e5fc923f789cfab3eb2e64e9beed765ae3866820635b75fce,Blake Hernandez,1996-12-28,zjones@hotmail.com,Carry book education college physical class far financial green door itself contain office forward.,Doctor
11,mendezjason,0d71907fcf65509def2cbc2223bca5de160e5a0e3718ec137bb2dd469929a6bb,Cassie Smith,1973-01-25,amanda32@hotmail.com,Look product adult prove listen threat can successful.,Consultant
12,carolsmith,3e3f395324dfff3b839cc958cf265c80fbbec60d030e097e3815a78896fafe09,Benjamin Vasquez,2001-08-01,caldwellandrew@gmail.com,Senior recent vote pull with ball world notice.,UX Designer
13,hawkinspamela,d5edf96becc90502d69522761b2ff11c0fc21d42470ada3b41596001dee089d9,Scott Potter,1999-02-24,pramsey@vazquez.com,Know behind they every develop I between.,Chef
14,elizabethcarter,0feffa440a69d39c5e254a0c1dd94aa29721bab1642a2abfb09811fda8640a6e,Victor Baxter,2001-12-11,andreacruz@sims.org,College talk despite wide ground major recognize charge public.,Journalist
15,mcgrathjonathan,334d4a3e3e71d6c5a238e70ab48890ddf5621b869666a4d642380e51f5b1608c,Rachel Grimes,1967-08-27,zlucas@gonzales.com,Weight ground structure ago these heavy much.,Doctor
16,gainesjessica,5a0110eddb726ff62a75c8e1148b5f3166f02e61a80d970cee07e40804e9087a,Megan Kirk DVM,1970-08-26,hardinjohn@hernandez.com,Relate involve now yes yes treatment can.,Journalist
17,christopheroconnell,3c5ff5fe6854f1d71febe9498a6a5d64cd1b0e54694d2bfe92ec1a8050480dca,Rebecca Howard,2005-03-01,ejackson@gmail.com,Through range goal deal fill single also know fly music price none.,Cybersecurity Expert
18,ericagarcia,8e4c5373a0eb221ec03b967d95fdc08eef5bab1b63eb4dee49ea47ee4415947c,Ashley Perkins,1973-08-29,jaderivers@gmail.com,Determine can make very street bit spend understand campaign recognize PM season.,Doctor
19,stephenwalters,e379c395ea29607361d0937fed3eaca8bc5008f537b6d3257c250518e84b0b33,Susan Carter,1965-08-26,carrie08@mitchell.biz,Sing I artist because response final their pattern.,Architect
20,millsgregory,91ff83c4e33970670c61538fd69f12782265d5507976d1a84541611d29acbcea,Taylor Velez,2004-10-28,dianeperez@miller-adams.com,Art entire past deep yet level down carry.,Photographer
21,alawson,36403283acb1cbc1c43686ceccbb7a8e10b9e86b6c7012c0f522f9188e8dd675,Christine Caldwell,1965-04-23,xbarnett@hotmail.com,Middle usually wall security environmental individual knowledge.,Lawyer
22,george05,cb8884aef052b6314e1664bf452ffd801c5a84d5f2f3a369bb381b791e2887fa,Lisa Higgins,1966-08-12,dianayoung@yahoo.com,Build produce firm director change agree production else indicate control nature.,Architect
23,nacosta,e555e8728085065a858e2f70313f4fb693ebc44efa484318953796859aba4070,Teresa Robinson,1970-11-22,wpearson@gmail.com,Argue rate source herself player seat.,Researcher
24,johnsalazar,df1e5cceb6ab934ca72a0d471d4fed676852496048b329e9644f9cae8a4d37e5,Stephanie Brown,1971-11-23,tiffanyhess@peck.biz,These also own bit paper people.,Teacher
25,lclark,4a38c7a76928a26623e21bc5fe220b61b2472f664e55c7df4927fc9f80ce1759,Jennifer Mccormick,1983-04-21,christinamedina@hotmail.com,Style miss moment leader bit training idea.,Consultant
26,ashleyshepherd,6fdf13a0d9954d3d8bf9e5b94342016fad6480360dca7eb7d2010ca0ece4c8d1,Daniel Castillo,1970-09-10,jamie61@anderson.com,Economic way care goal sort marriage bag shake your require organization speak.,Journalist
27,hbell,488f96aa2749eab2119e4e86b1d0e11edab5d22c8cbe867bdc6bd210279bf409,Garrett Blackburn,1976-02-06,amandawheeler@phillips-russell.net,Control together energy event remember impact note sure writer sure matter generation turn.,Software Engineer
28,paulroberts,0dc5e0310de1668912f3bd4766885abcdb36442b75008c2c46664dadde5082ac,Martin Arnold,1988-05-25,brittany53@gmail.com,Later those son huge consumer able.,Civil Engineer
29,brittany06,e43097280f09db97edde11a465d0473acaa9bbd4551454873111fe415aedf186,James Wagner,1964-11-25,mmccullough@hotmail.com,Though while break alone send meet security goal.,Teacher
30,stephen53,42a3a27d98cfc6648bf63971df0a862cea0abcc0b140b8a09c27165db2b796c4,Dr. Andrew Hebert MD,1990-11-08,eric83@gmail.com,Know black enter describe per station same.,Architect
31,michelle50,7e40cacfbc8177955614b5782c7e9fcf967cdfd6d8c72f4bb02bd14ea3a8f0e4,Brittany Campbell,1981-10-15,wisenicholas@merritt.net,Media plant structure with financial cause environmental understand choice to middle method while.,Civil Engineer
32,mvaldez,470cf74e32034d1dada955e290e3a91ed21522c2cf451aa1dcebcb1b318cf307,Joe Hardy,1996-03-01,cglenn@boyle-gomez.com,Form together total agent rule every business.,Consultant
33,ronaldmedina,1104dc230eb1301437116c67a46a9a1852ab65c02f61dd51e619edbf7b28bc97,Jane Stanley,1987-03-29,mrobbins@hotmail.com,Treat memory low identify cause spend recently child final peace.,Marketing Specialist
34,susanwalker,0468503e70fa85b199e5b9eea70e49cc975522240da824f17be7ce4909be412c,Timothy Smith,1971-06-08,brooke12@hotmail.com,Seven family probably season chair agree season executive.,Lawyer
35,allenpatrick,00bcb4da7d26a9507b4b172711790200b62d4c6241c3e644b698535ae9362119,Joseph Mcknight,1984-08-05,calhounemily@garcia-castro.info,While popular only face factor expect.,Researcher
36,nicole75,1aec7fbbe3b8ba0d63aee15044f5dc57772630c99233017465536cd03b06cd27,Suzanne Butler,1977-10-15,popecraig@lewis-kidd.com,Senior far chair measure enough address sister.,Chef
37,dustinsimmons,ea7bc69d37a4e2a6e3c2b4b09faad9f555d851f1f6d0406015bf02353f381f74,Tyler Henderson,1994-03-14,robert66@yahoo.com,Remain all right apply painting require system mention sense.,Doctor
38,wstewart,de4ee6432c3c6de8702ff560c742b8d6aaed106507974c1a4b5bfd00cfb9af88,Scott Diaz,2000-08-30,nicholas17@hotmail.com,Claim with road well public physical responsibility whatever husband cover drug rich bad line.,Journalist
39,alice89,cbb70423a32ffbebd12335c4bb638c89a4f611130e76d5d31a2fbb62c2f821c4,Curtis Williams,2006-01-17,george83@meadows-dodson.net,Cold which trip two second spring quickly billion loss.,Software Engineer
40,qaustin,300a99756d70cea7a50b1577a5461438731f9583ab557b1ff7734ebf62ca8d98,Jenna Johnson,2000-10-21,rodneywhite@yahoo.com,Go choose group I form loss stay course tax general cost.,Journalist
41,scottbailey,2bb9558728717b1186922a2f8080e08813465c8236c254fbdbf65cc2990749de,Robert Garcia,1967-04-02,lwood@hotmail.com,Next image manager collection against half place.,Journalist
42,hflores,daaddd7d8f4a580e0d599dc0c224756c581bc8918da6448b71ce2769778d53fa,Kenneth Johnson MD,1988-03-24,vpratt@hotmail.com,News project pick generation rise everybody interest western.,Doctor
43,zlong,6f1fc1fd87a7f0d43f389a546429cb0b55dc4deb3df22f3e4812f2f9a64f4288,Taylor Evans,1976-07-28,holderpaige@hotmail.com,Community degree yes theory eye true movement station history entire certain firm.,Writer
44,pbullock,b06e857dd345d6db35311284b16f10b80a04984cbac5a14a7fe6f90a3bcc52b7,Mary Schultz,1996-11-10,austin35@hotmail.com,Else box continue per individual bill.,Data Analyst
45,maryturner,888454f2d46042897bb1f2882aaee6db7fffe4f8df63e404f7a802ff634a276d,Derrick Valentine,1965-12-16,cynthia47@gmail.com,Decade finish among factor music live late make yet imagine suddenly common.,Writer
46,benjaminharper,485b88a695574fa8310fe498d7cbbe11ee3d85c638ec43dceb009db6c368fd50,Antonio Richards,1972-08-04,wilkinsdaniel@yahoo.com,Age start true billion both particular market call join.,Photographer
47,joshua63,b09fb574222132ee8ca40f5b6d595402d189c30a9c046e58341945e9c2023cb1,Nicholas Johnson,1966-01-15,summersholly@gmail.com,Increase must turn official success positive.,Writer
48,ijohnson,99da7bc9f5fad85fb03b8f397f22176f2aad512b944d619ff4ea0876c62163be,Jennifer Ferguson,2000-06-05,lijared@rodriguez.biz,Truth usually federal ago half woman decide very improve nation radio stop.,Journalist
49,wilcoxlorraine,1baf34118485bf2b7ed3c7488f4f9ac6498217f475dc7b01b7192173cb879b7d,Jason Romero,1967-12-21,mary58@gonzalez.com,Brother ok individual little property expert support democratic box across only entire standard.,Graphic Designer
50,kristyhill,7563ef2ac994ffe2ac1073c2ee5147242d9d0051bb57117036560807d862d93a,Meagan Turner,1987-03-21,peterstroy@gmail.com,Finish most act assume her later pattern word.,Writer
51,stephaniewarner,25c49377b0ebbdccd6a426130765b5dd507f365c7b1f5a3021a33c744282fb3e,Karen Elliott,1965-12-14,gabrielle69@clark.org,Various whatever scientist wonder talk military agree improve feel risk.,Researcher
52,reneebenson,c78a80ed31a3736365f826c9d09b67d05fcbffcc43d9d23e5f8d5869725f7628,Charles Garrett,2005-05-29,michaeljohnson@garcia.biz,Compare draw century season current trip country.,Marketing Specialist
53,hallpaul,67b7c163fb4e691701e0060cbd0cfe2c0935b9187b8a3036c83a5bd68633ae92,Adam Pierce,1977-09-27,jonesjessica@morris.com,End dark full stop measure set agent position future.,Data Analyst
54,tyler09,17e10e430a0543fb1f4b149bd31253a1bc70b091190ba04ba5ff92ce6442ec5e,Brandon Rogers,1998-03-31,ryanhawkins@gmail.com,Sometimes part with score middle human.,Journalist
55,angela40,2d28240c414fac80e6892572988ceb7909f4c021db71abe33fe52f9528abbfdd,Marcus Harrison,1987-08-20,lindsey67@carrillo.com,Maintain trip action collection word fly police hot rise follow student.,Chef
56,janetfarley,d218bbcf25f406cee6af12f3abef4618f9451c720af770383d417f1ec901105b,Christopher Woods,1969-06-19,lisasellers@gmail.com,Price suddenly camera religious Congress season.,Graphic Designer
57,owalsh,ec5ce7cddec8e0e75236c99c9b4c51db2629f1a8d92ff7e7f61ac2dec3fbcaea,Kelly Leach,1971-09-18,smithchelsea@gmail.com,Plan hand yard idea night back team buy look benefit.,Software Engineer
58,amber23,661e844dce27651408c05284ebd3472ba2d69d986e43aa0e7a911c2b771977f3,Tina Li,1981-11-17,hollywright@hotmail.com,Understand hold move street across arm senior effect.,Marketing Specialist
59,shawn72,5cd21b5ba4b70697782cd2f36e7467879470a75346fdec63fea6c2286b3fefc0,Daniel Choi,1985-12-10,johnsonolivia@yahoo.com,Case activity serious west show almost something.,Writer
60,elizabeth75,278730e4010f02cb4ed5bb95c353e36009e978a72b6fe27bd1e43002faa374e8,Amanda Johnson,1978-10-02,matthewsallison@hotmail.com,Third song bed team lead doctor.,Lawyer
61,allentony,d56e9a5f852bc98c65fc7eb52e4542193422c66e3fd79c7188fb3bd42521f4b9,Barbara Gonzalez,1972-03-28,arnoldcraig@owens.org,The too him state economy support media.,Accountant
62,pmoore,ad4681176509173212a3882ebb48aa06cddfabb14d2da493881a77141449f841,Alan Clark,1981-07-28,julie73@gmail.com,Agreement book garden almost ever lawyer rule image bring short.,Writer
63,jacobgibson,8b0cbe515c7a2d515793cd9ce195931b8d17e9ff6aa9dc34a32730867fea31fa,Jennifer Mercado,1985-04-01,fernandezkathleen@yahoo.com,Hospital recently sit tree throughout adult available risk prove study then.,Writer
64,kerrmichelle,aeff41db9d54da627a40ec34272ac5b43e0d65a413b082ebda5f2af7d1cba4d1,Andrew Murphy,1979-08-20,orocha@yahoo.com,Middle usually soldier maybe security prepare Mrs stop point everyone more.,Lawyer
65,umeyer,92dd500ccc6033230e2e9324568a181a539fef675e6c06d06410d44093e68fe4,David Briggs,2002-06-07,morrisgregory@gmail.com,Compare machine local forget may military sister floor management.,Pilot
66,jonestiffany,80544ac803b224a19144733bbe6993954258b257c4298b0bd3adba5700b17584,Carlos Rosales,1999-10-10,pamelachambers@taylor-goodwin.com,Information all store against movement recently develop final agent want reveal.,Accountant
67,gmorrison,b4e17e121962eb908bed49084cbcd5e7d994aed7efbe345e947f2d82b57bc0b5,Aaron Curry,1982-08-22,jeff33@johnson.biz,In Mr dream set type property nice interesting believe wide feel operation charge.,Pilot
68,kelsey11,5f1bf929ed77e109b75f8bab1a9c2010c5281ce424cdd8034c45cc2a5abfa6ef,Mitchell Bradshaw,1979-06-23,rebecca36@gmail.com,Military eight position describe dark technology budget three eye.,Accountant
69,anthonyescobar,be27e3cd50a27df22e95e99063e7ea75347f911d0de1ee337c8b8d3568c71ffb,Maxwell Velasquez,1990-05-17,meyerbrittany@yahoo.com,Develop pull chance benefit choice turn wrong.,Journalist
70,adrian54,d543a4a7ff9023086d25ba5681c9d0246bbddc687c5effc56ba91c107d8cf690,Eric Taylor,1980-10-09,louis12@mclean-tyler.com,Can sit drug office oil probably son close imagine best back cold lead.,Data Analyst
71,robinsonlaura,bb3a726929f5258f165358b4c418013539e126a007e1487ab6676ff1f78192f5,Jason Peterson Jr.,1967-05-17,gregorytanya@gmail.com,General fly serve watch money man such economy glass occur cultural way.,Civil Engineer
72,lisabrown,0690390235e1af865f1d85c0956b561c93800bea4a866bb7c9d4767dddbf0acb,Nicole Boone,1967-08-28,smithdillon@pierce.com,Chair deal fund couple visit assume likely.,Software Engineer
73,uwilliams,badac13c0edf460fa6167ebfc3364ab5e845b06d39f7585efc59d2c2e47fdba8,Erin Atkins,1985-01-13,melissa23@gmail.com,Alone simply rich statement great style but should poor law buy.,Writer
74,imartinez,76fb64c3726a341da4d74c98b83bf55f2a617b9263d280445f3f909f5d5045b3,Jonathan Gordon,2001-05-26,amber97@gmail.com,Suggest look grow establish lose make.,Graphic Designer
75,kathleen42,7c01787aaa4e143d0ca7fc812b3d907ae3840ec88b3783f2387add46984e6e90,Annette Bowers,1989-09-04,joseph84@gmail.com,Everyone animal next though beyond today place than return tend either present.,Photographer
76,fzavala,13ab8b1b2ef7c939a9180e9ef767434f5dd60bfff1226b9df7ab2c599d2e74e9,Shelby Castillo,1980-09-14,jacobvillegas@yahoo.com,Writer church better process western try reason drive car energy.,Chef
77,glawson,0589f98625d09a8843b6e722c937fbeaf2e5c18e980021b6f69c32328b8aa429,Jade Moss,1992-08-27,danielkeith@yahoo.com,Ready ever I look improve important thought.,Cybersecurity Expert
78,ryan52,9e820f03d4f82ec0a4f675cf998ede19e3f39ec4d456afa021793a93844df97a,Mary Smith,1966-10-13,charles35@rush.biz,Actually marriage past nothing risk voice.,Marketing Specialist
79,nblankenship,7a0925f4d23c4f75fd3b35af7dc894bfbd8a608555e12cba410e31a93e1702a4,Rachel Wilkins,1997-06-25,chrisraymond@williams.org,Senior democratic theory clearly government four six task despite different.,Marketing Specialist
80,jessica61,ec7041944aba95478ddb4b7b9a92ef874c47a2d738818ca78f25ec02f32429ea,David Lyons,2006-06-01,ecook@doyle.info,Inside local section almost level could TV throughout who throughout conference beautiful million.,Marketing Specialist
81,linda90,d84e7dcd19c10ffd0a31958017096c0726b4ed39d948ca2bd4624ce6dac37ac1,Michelle Ferrell,1976-06-15,fernandeztimothy@yahoo.com,Tend positive building certainly together reality pretty.,Mechanical Engineer
82,megan91,be8dd7e06fad3092d6db3b9e6c808bc682b46bd111348930be397622f72c0c32,Jamie Foster,2003-12-27,thomas58@yahoo.com,Themselves capital vote other thing expert what fill hundred TV base recently.,Cybersecurity Expert
83,littleshannon,8b08e25d1816667dc444ab00b36c605f1e379f48d3ad5bcea42d2eed84dcf3c0,Abigail Nunez,1997-10-31,vwagner@gmail.com,Product who or decade clearly within hospital.,Consultant
84,wallacegeorge,a449e74c107b1789e0a1ebd194e07096dfc6b565c09e0d9fa4b1f57339533b12,Jacob Phillips,1988-12-21,triciahansen@gmail.com,Owner city market sister production care.,Marketing Specialist
85,michael12,0b4dd807ce1d1bb1474f8bd2b0e65b8d10cbd77134bbe9d7d745987de585868b,Shelia Levine,2004-06-22,michaelmarquez@gmail.com,Language government kid thousand tough hand police.,Photographer
86,randywang,54b62e8d1e704f986f05d5e3971666cd45a066df2db0dc0f58de4dec23fefbbf,Carlos Huerta,1995-03-09,kbutler@gmail.com,Expert point hard of item water expect American.,UX Designer
87,brownholly,9f5ab39bbe055539eba2cc6600ba94f4a0e1e1fc27c2787695b2bbcb93090366,David Burgess,1982-09-14,elliottmatthew@gmail.com,Raise can serve usually member sure.,Mechanical Engineer
88,karenhart,40c9eb4512a21f8c0e3feb27a0bc8d52638a05154d5a73d6f546c7c5d6001728,Jacob Williams,1979-02-19,parkertimothy@gmail.com,Kind act which old miss film whatever financial.,Lawyer
89,amber01,294def48f7c0bf6fbe8cea1b69ffcaa7b7eb8ac18ccdb19fbb0d467badd26908,Lori Rodriguez,1967-06-23,rmoore@hotmail.com,Mention green specific ability build play great friend available myself level.,UX Designer
90,nperez,3b9c17d58e5ee9111dc9032b16b03dfd98506d1ef898c79f52e7b0dc252a903a,Morgan Hodge,1989-11-23,tonyareed@kelly.biz,Degree any model minute despite wait step audience.,Photographer
91,edwardreyes,2671a670242c6fd560c13f8f75e9ef531ee4ab2f7ebdd29b76920725fe218c7b,Eric Butler,1989-02-07,andrewmiller@reyes.com,Box direction because drive rise scientist other wait reality officer clear myself bag two.,Teacher
92,douglasbaker,2d94fd760049c6060a205a60e6c54b1321e3816ca7358783fc63c780df4320ce,Mr. Patrick Mccarty,1991-06-08,samanthasmith@vaughan.com,Force authority painting especially cause much activity picture.,Journalist
93,edwardconley,224dfc6ad843325903b5de85a2b9dfb26fbfd5948f77ad842a72b7425e920cd6,Sergio Alvarado,1977-08-24,andrew71@snyder-willis.com,Whole best but front sign beat let test pretty customer.,Doctor
94,dberger,81017abe4b429bb83ccba6beb0bce4a8e1180d7c6da2f208227481171fcc896c,Donna Rodriguez,1977-02-02,melissahardin@gonzalez-dunn.biz,Former what before several current plan information cover over result president available front.,Pilot
95,stricklandrichard,84081b56f181d529efd18ab86cb47ddc22e87b4c855c4555ba546534e11adf58,Jonathan Harvey,1964-07-28,desireeburke@hotmail.com,Office wrong behavior short among management time describe media trade.,Pilot
96,robert29,5c28daca8cffca8873815a049ca6d65cc60740c2d756074c2e537369ddaec42f,Daniel Short,1987-07-25,erikahartman@yahoo.com,Process though economic analysis nice exist only size she.,Cybersecurity Expert
97,lambcharles,87fbf64e08287f3c9e295aa6a6afe63d414a26aed420e7ba493591bb5a58cd85,Cathy James,2001-06-08,xramirez@baird.com,Box test industry range discuss between student magazine suggest sell.,Doctor
98,johnsonjennifer,9de6f46134f2c2a75d83ad6230041a31563d2bc490be1bfb2aa9998763699932,Mary Carter,1972-08-21,jacksonseth@watkins.com,Since understand sign prepare number them apply employee across everybody main.,UX Designer
99,tjohnson,052ad03a4a9afe61d8577145c13e2f5be9a9d6a11a46cb159a479f7a8ac79dd6,James Martin,2004-02-22,zlang@gmail.com,Beautiful history identify science occur behavior dream animal think too visit religious.,Cybersecurity Expert
100,jessica75,1514d3ee11b480b059c76d5b7dbf3a5d7b53d0c4ae434b262e392d42e782e16e,Justin Bonilla,1999-02-03,rayjeff@cunningham-valdez.com,Agency production continue majority bed agent in newspaper ten.,Mechanical Engineer
